k,exact_match,rouge1_fmeasure,rouge2_fmeasure,rougeL_fmeasure,f1_score,avg_response_time_ms,p50_response_time_ms,p95_response_time_ms,p99_response_time_ms,avg_memory_mb,p50_memory_mb,p95_memory_mb,p99_memory_mb,avg_gpu_memory_mb,p50_gpu_memory_mb,p95_gpu_memory_mb,p99_gpu_memory_mb
1,0.0,0.18892047914561988,0.06962177880660404,0.09779163717250022,0.19100706776578896,12520.42381440042,10585.235022001143,16761.770375999913,17330.481656799966,1374.9046875,1367.1640625,1401.1265625,1407.7784375,0.0,0.0,0.0,0.0
3,0.0,0.07421696902032797,0.02430817517958035,0.044442053646260554,0.08945758195292988,34107.38397400128,31921.542315001716,41663.8475484011,43541.803938481025,1713.81015625,1708.38671875,1730.0828125,1734.3540625,0.0,0.0,0.0,0.0
5,0.0,0.05505525846702317,0.0,0.047782531194295895,0.053105590062111796,49.57243119933992,47.122287996899104,70.07300339973881,74.04410307921353,1884.603125,1885.16015625,1885.48515625,1885.52515625,0.0,0.0,0.0,0.0
7,0.0,0.05505525846702317,0.0,0.047782531194295895,0.053105590062111796,55.59175279995543,51.73812900102348,68.26542319977307,71.20358703963575,1976.1140625,1959.8046875,2000.73828125,2000.73828125,0.0,0.0,0.0,0.0
10,0.0,0.05505525846702317,0.0,0.047782531194295895,0.053105590062111796,56.82324520093971,55.00024400316761,71.07169099981547,73.63325980040827,2162.6765625,2165.68359375,2166.33359375,2166.41359375,0.0,0.0,0.0,0.0
