k,exact_match,rouge1_fmeasure,rouge2_fmeasure,rougeL_fmeasure,f1_score,avg_response_time_ms,p50_response_time_ms,p95_response_time_ms,p99_response_time_ms,avg_memory_mb,p50_memory_mb,p95_memory_mb,p99_memory_mb,avg_gpu_memory_mb,p50_gpu_memory_mb,p95_gpu_memory_mb,p99_gpu_memory_mb
1,0.0,0.1278581508388648,0.04396321641762459,0.07623582726036601,0.190218925312093,22447.712517000764,23386.783813002694,24184.774108800775,24242.47183456071,1697.19140625,1700.5703125,1747.4359375,1756.8090625,0.0,0.0,0.0,0.0
3,0.0,0.05352031908594803,0.017774397328702535,0.0341134906779377,0.07552534108466173,28395.30959919939,28508.41052800024,30311.494039799436,30341.868974359822,1822.6203125,1819.15625,1831.515625,1831.515625,0.0,0.0,0.0,0.0
5,0.0,0.05505525846702317,0.0,0.047782531194295895,0.053105590062111796,63.28129140092642,58.877239000139525,74.98907220069668,75.73052164094406,1491.465625,1500.125,1501.0,1501.0,0.0,0.0,0.0,0.0
7,0.0,0.05505525846702317,0.0,0.047782531194295895,0.053105590062111796,84.80643720031367,87.09076000013738,100.84614919906016,103.28394263866358,1567.78046875,1545.796875,1601.671875,1601.671875,0.0,0.0,0.0,0.0
10,0.0,0.05505525846702317,0.0,0.047782531194295895,0.053105590062111796,98.37444919903646,95.93739999763784,113.99224499982665,114.5100042001286,1632.48671875,1610.70703125,1665.83203125,1665.83203125,0.0,0.0,0.0,0.0
